{
    "ActionSound": "",
    "AutoUnlock": true,
    "Cards": [
        "{\n    \"UnitsInDeck\": 4,\n    \"Card\": \"curseoffragility\"\n}",
        "{\n    \"UnitsInDeck\": 3,\n    \"Card\": \"chargebattery\"\n}",
        "{\n    \"UnitsInDeck\": 2,\n    \"Card\": \"icelance\"\n}",
        "{\n    \"UnitsInDeck\": 2,\n    \"Card\": \"emberstorm\"\n}",
        "{\n    \"UnitsInDeck\": 2,\n    \"Card\": \"curseofelements\"\n}",
        "{\n    \"UnitsInDeck\": 1,\n    \"Card\": \"curseofdecay\"\n}",
        "{\n    \"UnitsInDeck\": 1,\n    \"Card\": \"cursedprodigycursedelements\"\n}"
    ],
    "ChallengePack0": "shadowmancer",
    "ChallengePack1": "enchanter",
    "ChallengePack2": "cryomancer",
    "ChallengePack3": "tempest",
    "ChallengePack4": "inferno",
    "ChallengePack5": "wizard",
    "ChallengePack6": "glacier",
    "CharacterDescription": "None know where the true source of magic comes from, but many wish to find it. Seren, however, was born with the knowledge of all magic, and because of this, they were cursed by all that was Holy. Cast out from their home and forced away from their family, Seren seeks nothing more than to leverage their power, or their curse, for their own ends.",
    "CharacterDescriptionStrength": "A Powerful mage capable of casting the largest spells of any and all elements",
    "CharacterName": "Seren",
    "Energy": 1,
    "EnergyTurn": 3,
    "Female": true,
    "FluffOffsetX": 0,
    "FluffOffsetY": 3.40000009536743,
    "HeroClass": "mage",
    "HeroClassSecondary": "none",
    "HitSound": "",
    "HP": 77,
    "ID": "cursedprodigy",
    "Item": "cursedprodigycursedwand",
    "MaxHP": [
        0,
        7,
        7,
        7,
        7
    ],
    "OrderInList": 5,
    "ResistSlashing": 7,
    "ResistBlunt": -7,
    "ResistPiercing": 0,
    "ResistFire": 17,
    "ResistCold": 17,
    "ResistLightning": 17,
    "ResistHoly": -13,
    "ResistShadow": 17,
    "ResistMind": 7,
    "Speed": 13,
    "SpriteBorderLocked": "serenSilueta",
    "StickerBase": "",
    "StickerAngry": "",
    "StickerIndifferent": "",
    "StickerLove": "",
    "StickerSurprise": "",
    "StickerOffsetX": 0.100000001490116,
    "SubclassName": "Cursed prodigy",
    "Trait0": "cursedprodigytrait0",
    "Trait1A": "cursedprodigytrait1a",
    "Trait1B": "cursedprodigytrait1b",
    "Trait2A": "cursedprodigytrait2a",
    "Trait2B": "cursedprodigytrait2b",
    "Trait3A": "cursedprodigytrait3a",
    "Trait3B": "cursedprodigytrait3b",
    "Trait4A": "cursedprodigytrait4a",
    "Trait4B": "cursedprodigytrait4b",
    "CardsSingularity": [
        "cursedprodigycursedelements",
        "pestilence",
        "elementalbolt",
        "icelance",
        "frostbolt",
        "flamestrike",
        "emberstorm",
        "zap",
        "shocknova",
        "curseofelements",
        "curseoffragility",
        "curseofexhaustion",
        "curseofshadows",
        "curseofagony",
        "curseofdecay"
    ]
}